job_id,company,title,location,description,skills,experience_level,url,source,compensation_min,compensation_max,application_deadline
JOB-001,TechNova Inc,Junior Backend Engineer,Remote,"Build and maintain REST APIs in Python and Java for our e-commerce platform. Work with PostgreSQL, Docker, and AWS Lambda in an agile team. Participate in code review and pair programming with senior engineers.","Python, Java, REST APIs, PostgreSQL, Docker, AWS Lambda, Git",Entry-level (0-2 years),https://example.com/jobs/JOB-001,synthetic,90000,115000,2026-10-15
JOB-002,BrightPath Software,Software Engineer I,"New York, NY",Join our platform team building scalable backend services using Java and Spring Boot deployed on AWS. Collaborate with frontend engineers on FastAPI-based internal tools and SQL-backed reporting services.,"Java, Spring Boot, AWS, FastAPI, SQL, Git",Entry-level (0-2 years),https://example.com/jobs/JOB-002,synthetic,95000,120000,2026-10-01
JOB-003,CloudForge Labs,Full Stack Software Engineer - New Grad,Remote,Develop full-stack features spanning a Python and FastAPI backend and a React frontend. Deploy services to AWS using Docker and GitHub Actions CI/CD pipelines. Great fit for new graduates comfortable with both frontend and backend work.,"Python, FastAPI, React, AWS, Docker, CI/CD, Git",New graduate,https://example.com/jobs/JOB-003,synthetic,90000,110000,2026-11-01
JOB-004,Fenwick Systems,Backend Software Engineer,"Austin, TX",Design and implement RESTful APIs and microservices in Java and Python. Manage relational databases and deploy backend services on AWS EC2 and S3. Ideal for engineers with 0-2 years of backend experience.,"Java, Python, Microservices, REST APIs, AWS EC2, AWS S3, SQL",0-2 years,https://example.com/jobs/JOB-004,synthetic,88000,108000,2026-10-20
JOB-005,Riverstone Digital,Associate Software Engineer,Remote,"Support backend development for our internal tooling platform using Python, Git, and Linux. Write REST APIs, participate in code reviews, and help operate services on AWS.","Python, Git, Linux, Docker, SQL, AWS",Entry-level,https://example.com/jobs/JOB-005,synthetic,80000,100000,2026-10-10
JOB-006,Marlowe Systems,New Grad Software Engineer - Backend,"New York, NY","Rotational new-grad role building backend services in Java and Python. Exposure to AWS infrastructure, relational databases, and distributed systems fundamentals. Mentorship provided by senior backend engineers.","Java, Python, AWS, SQL, Distributed Systems, Git",New graduate,https://example.com/jobs/JOB-006,synthetic,95000,115000,2026-11-15
JOB-007,Ashgrove Technologies,"Software Engineer, Platform",Remote,"Build internal platform APIs with FastAPI and Python, containerized with Docker and deployed to AWS. Work closely with product teams to ship backend features for our SaaS platform.","Python, FastAPI, Docker, AWS, REST APIs, Git",Entry-level (0-2 years),https://example.com/jobs/JOB-007,synthetic,92000,112000,2026-10-05
JOB-008,Ninth Wave Software,Junior Full Stack Engineer,Remote,Work across a Java Spring Boot backend and a React frontend to deliver new product features. Use SQL databases and AWS for deployment. Open to new graduates with internship experience.,"Java, Spring Boot, React, SQL, AWS, Git",Entry-level (0-2 years),https://example.com/jobs/JOB-008,synthetic,88000,108000,2026-10-25
JOB-009,Ferncrest Technologies,Backend Engineer I,"Chicago, IL","Own backend services written in Python and Java that power our logistics platform. Deploy on AWS Lambda and EC2, use Docker for local development, and collaborate in an agile team.","Python, Java, AWS Lambda, AWS EC2, Docker, REST APIs",0-2 years,https://example.com/jobs/JOB-009,synthetic,90000,112000,2026-11-05
JOB-010,Copperline Systems,Software Engineer - New Grad Program,"New York, NY","Two-year rotational new-grad program across backend and full-stack teams. Build REST APIs in Python and Java, work with SQL databases, and deploy to AWS with Docker and CI/CD pipelines.","Python, Java, REST APIs, SQL, AWS, Docker, CI/CD",New graduate,https://example.com/jobs/JOB-010,synthetic,95000,118000,2026-12-01
JOB-011,Northlight Data,Data Engineer I,Remote,"Build data pipelines in Python that move data between SQL databases and AWS S3. Some backend API work in FastAPI, but the primary focus is ETL and data quality rather than product feature development.","Python, SQL, AWS S3, ETL, FastAPI",Entry-level (0-2 years),https://example.com/jobs/JOB-011,synthetic,92000,110000,2026-10-12
JOB-012,Vantage AI,Junior Machine Learning Engineer,Remote,"Train and evaluate machine learning models in Python using scikit-learn and PyTorch. Some exposure to AWS for model deployment, but the role centers on modeling rather than backend software engineering.","Python, Machine Learning, scikit-learn, PyTorch, AWS",Entry-level (0-2 years),https://example.com/jobs/JOB-012,synthetic,100000,125000,2026-10-18
JOB-013,Skybridge Cloud,Cloud Infrastructure Engineer - Entry Level,Remote,Provision and manage AWS infrastructure using Terraform. Write automation scripts in Python and Linux shell. Limited application-level software development; focus is infrastructure and networking.,"AWS, Terraform, Python, Linux, Networking",Entry-level,https://example.com/jobs/JOB-013,synthetic,90000,110000,2026-11-20
JOB-014,Ironclad Systems,Junior DevOps Engineer,Remote,"Maintain CI/CD pipelines, Docker images, and AWS deployments for engineering teams. Some scripting in Python, but day-to-day work is operational rather than building product features.","Docker, AWS, CI/CD, Python, Linux, Git",Entry-level (0-2 years),https://example.com/jobs/JOB-014,synthetic,88000,108000,2026-10-08
JOB-015,Meridian Insights,Data Analyst - Software Team,"New York, NY",Write SQL queries and Python scripts to analyze product usage data and build dashboards. Partners with backend engineers but does not build production services directly.,"SQL, Python, Data Analysis, Excel",Entry-level,https://example.com/jobs/JOB-015,synthetic,75000,90000,2026-10-22
JOB-016,Vertex Learning,Associate ML Platform Engineer,Remote,"Support machine learning infrastructure using Python and AWS SageMaker. Build some internal APIs, but most work involves model training pipelines and experiment tracking rather than product backend development.","Python, AWS SageMaker, Machine Learning, REST APIs",Entry-level (0-2 years),https://example.com/jobs/JOB-016,synthetic,98000,118000,2026-11-10
JOB-017,Beacon Networks,Junior Site Reliability Engineer,Remote,"Monitor production systems on AWS and Linux, respond to incidents, and write automation scripts in Python. Focus is operations and reliability rather than feature development.","AWS, Linux, Python, Monitoring, Git",Entry-level (0-2 years),https://example.com/jobs/JOB-017,synthetic,92000,112000,2026-10-30
JOB-018,Solace Data Systems,Backend Engineer - Data Platform,Remote,Build backend services in Java that ingest and serve large data sets on AWS. Mixes REST API development with heavy data-pipeline responsibilities and SQL warehouse maintenance.,"Java, AWS, REST APIs, SQL, Data Pipelines",Entry-level (0-2 years),https://example.com/jobs/JOB-018,synthetic,90000,110000,2026-12-05
JOB-019,Titanhold Corp,Senior Staff Software Engineer,"San Francisco, CA",Lead architecture decisions for our distributed systems platform. Requires 10+ years of experience designing large-scale backend systems and mentoring senior engineers. Not an entry-level position.,"Distributed Systems, Java, Leadership, System Design",Staff / 10+ years,https://example.com/jobs/JOB-019,synthetic,260000,330000,2026-10-01
JOB-020,Pocketwave Apps,iOS Mobile Engineer,Remote,Build native iOS applications in Swift and SwiftUI. No backend or server-side work involved; this role is entirely focused on mobile client development for our consumer app.,"Swift, SwiftUI, iOS, Xcode",Mid-level (3-5 years),https://example.com/jobs/JOB-020,synthetic,130000,160000,2026-11-01
JOB-021,Ridgeline Technologies,Senior Backend Architect,Remote,Own the technical roadmap for backend infrastructure serving millions of users. Requires 8+ years of experience with distributed systems and prior experience leading engineering teams.,"Java, Distributed Systems, Kafka, Leadership",Senior / 8+ years,https://example.com/jobs/JOB-021,synthetic,210000,260000,2026-10-15
JOB-022,Palette Studio,UX/UI Product Designer,"New York, NY","Design user flows, wireframes, and high-fidelity mockups for our web and mobile products. Collaborate with product managers on user research. No coding required.","Figma, UX Research, Wireframing, Prototyping",Mid-level (3+ years),https://example.com/jobs/JOB-022,synthetic,100000,130000,2026-11-12
JOB-023,Circuit Mobile,Android Developer,Remote,Develop and maintain our Android application in Kotlin. Requires 4+ years of native Android development experience. No backend or web development responsibilities.,"Kotlin, Android, Java, Jetpack Compose",Mid/Senior (4+ years),https://example.com/jobs/JOB-023,synthetic,140000,170000,2026-10-28
JOB-024,Northgate Solutions,Sales Development Representative,Remote,Generate and qualify leads for our enterprise sales team. Conduct outbound outreach via email and phone. No technical or programming background required.,"Salesforce, Communication, Cold Calling, CRM",Entry-level,https://example.com/jobs/JOB-024,synthetic,55000,70000,2026-10-03
JOB-025,Vaultstone Inc,"Senior Principal Engineer, Distributed Systems",Remote,Set technical direction for our distributed data infrastructure. Requires 12+ years of experience and a track record of leading company-wide technical initiatives.,"Distributed Systems, C++, Leadership, System Design",Principal / 12+ years,https://example.com/jobs/JOB-025,synthetic,300000,380000,2026-12-15
JOB-026,Brightleaf Media,Graphic Designer - Marketing,Remote,"Create marketing graphics, social media assets, and brand illustrations. Work closely with the marketing team on campaign visuals. No software engineering involved.","Adobe Illustrator, Photoshop, Branding, Typography",Entry-level,https://example.com/jobs/JOB-026,synthetic,55000,68000,2026-10-09
